office_name,address,city,state,zipcode,neighborhood,phone_number,email
Dream Homes NYC Branch,2656 Northern Blvd,New York,NY,48051-5731,Queens,+1-959-360-3977x3912,aguirredavid@kaufman-johnson.com
Dream Homes NYC Branch,782 Central Park West,New York,NY,79187-1256,Bronx,+1-318-458-4428,morrisjonathan@mullen-smith.info
Dream Homes NYC Branch,3115 Northern Blvd,New York,NY,55825-2556,Staten Island,223.246.3242x6925,dturner@davis.info
Dream Homes NYC Branch,97106 Steinway Street,New York,NY,39709-3122,Bronx,(983)875-8442,cory73@burgess-silva.org
Dream Homes NYC Branch,2729 Houston Street,New York,NY,86532-8984,Manhattan,(355)201-6287x71066,wayne87@morrison.org
Dream Homes NYC Branch,31048 Northern Blvd,New York,NY,42110-6709,Bronx,(542)607-8061,ashley80@lopez-barnes.info
Dream Homes NYC Branch,560 Fordham Road,New York,NY,74456-6299,Staten Island,001-639-399-9450x069,bobbystanley@nelson.info
Dream Homes NYC Branch,5875 Madison Ave,New York,NY,88183-4097,Bronx,001-928-749-7227x1121,thomasmartin@watson.info
Dream Homes NYC Branch,2394 West End Ave,New York,NY,75611-2595,Manhattan,732-682-4432,melissa69@brock.com
Dream Homes NYC Branch,8304 4th Ave,New York,NY,58372-8374,Bronx,+1-322-536-9361x07845,grantandrew@rodriguez.com
